,IoU,Dice,training_time,inference_time_500,inference_time_1
U-Net_baseline,0.5521714687347412,0.6672240495681763,517.5756553379997,1.8512626889987587,0.8951393229999667
U-Net_baseline_with_data_augmentation_1,0.5645579695701599,0.6805711388587952,1029.694759095999,2.3697222720002173,0.42376159400009783
U-Net_baseline_with_data_augmentation_2,0.5593652725219727,0.6746030449867249,714.2974878509995,2.345822262001093,0.9245201520006958
U-Net_baseline_with_data_augmentation_3,0.11784428358078003,0.1973462551832199,284.6854574879999,2.193977635999545,0.4140827859991987
U-Net_baseline_with_data_augmentation_2_dice,0.6289541721343994,0.7421897053718567,905.8961027529986,2.3807083840001724,0.9549613749986747
