,IoU,Dice,training_time,inference_time_500,inference_time_1
U-Net_baseline,0.5521714687347412,0.6672240495681763,517.5756553379997,1.851262688998759,0.8951393229999667
U-Net_baseline_with_data_augmentation_1,0.5645579695701599,0.6805711388587952,1029.694759095999,2.3697222720002173,0.4237615940000978
U-Net_baseline_with_data_augmentation_2,0.5593652725219727,0.6746030449867249,714.2974878509995,2.345822262001093,0.9245201520006958
U-Net_baseline_with_data_augmentation_3,0.11784428358078,0.1973462551832199,284.6854574879999,2.193977635999545,0.4140827859991987
U-Net_baseline_with_data_augmentation_2_diceLoss,0.6316813230514526,0.7439587116241455,843.5821554279973,2.138716723999096,0.903396439000062
U-Net_baseline_with_data_augmentation_2_diceLossWeighted,0.612227737903595,0.7280710339546204,697.2178472439991,2.189904247999948,0.4154330840028706
